IMG,PRODUCT,Price,In Stock,
,Ground beef (per pound),$10.00,TRUE,
,Stew meat (per pound),$8.00,TRUE,
,"Stake (Rib eye, Newyork etc. - beef - per pound)",$11.00,FALSE,
,Flet Mignon (Tenderloin - per pound),$14.00,FALSE,
,Eggs (per dozen),$5.00,FALSE,
,"Tuzsuz Amish Rulo Tereya??, 1lb",$8.00,FALSE,
,"Minerva Dairy, Unsalted Amish Roll Butter, Tuzsuz Amish Rulo Tereya??, 2lb",$16.00,FALSE,
,Local Honey (per pound),$8.00,FALSE,
,Whole chicken (per pound),$5.00,TRUE,
,Chicken breast (per pound),$7.00,TRUE,
,Chicken Drumsticks baget (per pound),$6.00,TRUE,
,Chicken Wings (per pound),$6.00,TRUE,
,Chicken Thighs (per pound),$6.00,TRUE,
,"Lamb meat Stew, Ground, Ribeye etc. (per pound)",$10.00,TRUE,
,,,,
,"Abc, Liquid Soft Soap (Arap Sabunu S?v?), 900ml",$5.00,TRUE,
,"Adana Boregi, Adana Borek, 454gr",$12.00,TRUE,
,Altinbas Klasik Cay 500 gr,$9.00,TRUE,
,"Baklava with Chocolate, Gift Pack, 9pcs, 12oz (340g)",$12.00,FALSE,
,"Baklava with Double Pistachio (DP), Gift Pack, 9pcs, 12oz (340g)",$13.00,TRUE,
,"Baklava with Walnut, Gift Pack, 9pcs, 12oz (340g)",$10.00,TRUE,
,"Baklava, Assorted, Gift Pack, 1.9lbs (860g)",$30.00,TRUE,
,"Baklava, Assorted, Party Pack, 2.75lbs (1250g)",$60.00,TRUE,
,"Baklava, Dolama, Roll with Pistachio, Gift Pack, 12pcs, 11oz (312g)",$24.00,TRUE,
,"Baklava, Mussel Shape with Pistachio (Midye), 40pcs, 2.75lbs (1500g)",$55.00,TRUE,
,"Baklava, Roll with Pistachio (Fistik Sarma-Dolama), 48pcs, 2.75lb",$85.00,TRUE,
,"Beypazari Elmali Soda, 200ml x 6",$4.00,TRUE,
,"Beypazari Narli Soda, 200ml x 6",$4.00,TRUE,
,"Beypazari Sade Soda, 200ml x 6",$4.00,TRUE,
,"Beypazari, Limonlu (Lemon) Soda, 200ml x 6",$4.00,TRUE,
,"Borek, Three Cheese Pastry (Uc Peynirli Su Boregi), 8pcs, 2.75lbs (1250g)",$24.00,TRUE,
,"Burcu, Black Olive, Siyah Zeytin, 930g",$19.00,TRUE,
,"Cebel, Findik Kremasi, Parcacikli, Kakaolu, 350gr",$8.00,TRUE,
,"Cebel, Findik Kremasi, Parcacikli, Sutlu, 350gr",$8.00,TRUE,
,"Chikofte, Family Pack, Classic, 1000gr",$15.00,TRUE,
,Classic Katmer with Pistachio,$5.00,TRUE,
,"Classic White Cheese, Red Lid, 28 oz (800 g)",$16.00,TRUE,
,"Doner, Beef, Cooked, Sliced, Retail, 8oz",$10.00,TRUE,
,"Doner, Chicken, Cooked, Sliced, Retail, 8oz",$9.00,TRUE,
,"Doner, Leaf , Meat, Cone, %100 Leaf (%20 Lamb, %80 Beef) 25lbs",$260.00,TRUE,
,"Doner, Meat, Cone, Iskender Kebab Sytle, %20 Leaf - %80 Ground Beef, 25lbs",$211.00,TRUE,
,"Eyup Sabri Tuncer, Kolonya, Cesme Limonu, Pet, Cologne, 150ml",$4.00,TRUE,
,"Feast, Gourmet French Fries, Gurme Parmak Patates, 10x10mm, 2500gr",$8.00,TRUE,
0001,"Fresh Produce, Ayva, Quince (Per Pound)",$6.00,TRUE,
,Helsan Hashas Ezmesi 600 gr,$9.00,TRUE,
,"Knorr, Kofte Harci, 82gr",$2.00,TRUE,
,"Knorr, Mangal Harci, BBQ Marinade Mix, 37gr",$1.50,TRUE,
,"Koska, Mulberry Molassess (Dut Pekmezi), 800gr",$10.00,TRUE,
,"Kral Pestil, Findik Ezmesi, Hazelnut Paste, 250gr",$8.00,TRUE,
,"Kral Pestil, Fistik Ezmesi, Peanut Paste, 250gr",$8.00,TRUE,
,"Kunefe Classic with Syrup, Frozen, Uncooked",$5.00,TRUE,
,"Kunefe Pistachio with Syrup, Frozen, Uncooked",$5.00,TRUE,
,"Loacker, Classic, Double Chocolate, 175g",$4.00,TRUE,
,"Macaron, Like 2 (Chocolate-Raspberry-Vanilla), 6pcs",$7.00,TRUE,
,"Marmarabirlik, Green Olive Scrut XL (Cizik Yesil Zeytin), 400gr",$7.00,TRUE,
,"Moda Baklava, Shobiyet with Pistachio, Party Pack, 27pcs, 2.86lbs (1300g)",$52.00,TRUE,
,"Moda Dumplings, Beef, Turkish, Frozen, Retail, (Manti) 12 oz",$9.00,TRUE,
,"Moda Soguk Baklava, Cold Milky Pistachio, Party Pack, 24pcs, 3.5lbs (1585g)",$44.00,TRUE,
,"Moda, Baklava with Double Pistachio (DP), Party Pack, 36pcs, 2.65lbs (1350g)",$36.00,TRUE,
,"Moda, Borek, Anatolian Cheese Pastry, Su boregi, 12pcs, 5.5lbs (2500g)",$52.00,TRUE,
,"Moda, Borek, Small Tray, Anatolian Cheese Pastry, Round Tray, 2lbs (907g)",$25.00,TRUE,
,"Moda, Doner, Chicken, Cone, 25lbs",$162.00,TRUE,
,"Moda, Doner, Meat, Cone, %100 Leaf (%20 Lamb, %80 Beef) 35lbs",$364.00,TRUE,
,"Moda, Kibbeh with Beef, Icli Kofte, 12oz",$10.00,TRUE,
,"Moda, Pide, Mozarella with Tricolor Pepper, 135gr x 3pcs",$10.00,TRUE,
,"Moda, Pistachio Cream, % 30, 7.76oz (220g)",$9.00,TRUE,
,"Moda, Pomegranate Molasses (Nar Eksili Sos), 100% Pure, 16.9fl oz 500 ml",$22.00,TRUE,
,"Moda, Tulumba, Retail, Gift Pack",$8.00,TRUE,
,"Nigde, Gazoz Cam, 250ml",$6.00,TRUE,
,"Oncu, Siyah Zeytin, Black Olives XL-L, 1KG",$20.00,TRUE,
,"Oncu, Tatli Biber Sal?as?, Mild Pepper Paste, 1650gr",$17.00,TRUE,
,"Oncu, Tomato Paste,1650gr",$9.00,TRUE,
,"Phyllo Dough, Handmade Retail, Round 400 gr, 4 pcs",$11.00,TRUE,
,"Porcoz, Kirec ve Pas Cozucu, 1000ml",$5.00,TRUE,
,"Porcoz, Yag Cozucu, 1000ml",$5.00,TRUE,
,"Sujuk, Ring, Classic, 1lb",$13.00,TRUE,
,"Sujuk, Stick, Classic, 10oz(285g)",$8.00,TRUE,
,"Sunflower Seeds, Salted, 10oz (284g)",$4.00,TRUE,
,"Sut Diyari Piknik, White Chese, Red Lid, 28 oz (800 g)",$18.00,TRUE,
,"Tamek, Peach Juice (Seftali), 1LT",$4.00,TRUE,
,"Toblerone, Dark Chocolate, 100g",$4.00,TRUE,
,"Tukas, Mild Pepper Paste, Jar Glass, 700gr",$7.00,TRUE,
,"Tukas, Tomato Paste, Jar Glass, 700gr",$4.00,TRUE,
,"Turkish Beef Dumplings (Mant?), 5lb",$45.00,TRUE,
,"Turkish Sesame Bagel (Simit Retail), Par-Baked, 4pcs",$6.00,TRUE,
,"Turkish Sweet Churros (Halka Tatlisi), Gift Pack, 6pcs, 16oz",$8.00,TRUE,
,"Turnip Juice (Salgam), Classic, 33.8 fl oz (1000ml)",$3.00,TRUE,
,"Turnip Juice (Salgam), Hot, 33.8 fl oz (1000ml)",$3.00,TRUE,
,"Ulker, Albeni, 40gr x 24pcs",$26.00,TRUE,
,"Ulker, Cikolatali Gofret, Chocolate Wafer 36g",$27.00,TRUE,
,"Ulker, Cokonat Antep Fistikli, Choconat with Pistachio, 1.06 oz (30 g)",$35.00,TRUE,
,"Ulker, Cokonat, 33gr x 24pcs",$31.00,TRUE,
,"Ulker, Hobby Mini, 6gr x 100pcs",$8.00,TRUE,
,"Yakamoz, Pickles, Gherkins (Cubuk), No. 0, Glass Jar, 720ml",$5.00,TRUE,
,"Yakamoz, Pickles, Mixed Vegetable, Pet Jar, 5lt",$13.00,TRUE,
,"Yakamoz, Pickles, Yellow Baby Pepper (Biberiye), Hot, Glass Jar, 720ml",$4.00,TRUE,
,"Yoruksut, Gurme Kasar, Gourmet Kashar, 1000gr",$19.00,TRUE,
,"Yoruksut, Kaymak, Clotted Cheese, 100gr",$6.00,TRUE,
